ecosystem	slug	target	note
python	psf/requests	https://github.com/psf/requests.git	pep621-setuptools
python	pallets/flask	https://github.com/pallets/flask.git	flit
python	django/django	https://github.com/django/django.git	setuptools
python	encode/httpx	https://github.com/encode/httpx.git	hatch
python	pydantic/pydantic	https://github.com/pydantic/pydantic.git	hatch+uv
python	psf/black	https://github.com/psf/black.git	hatch
python	fastapi/fastapi	https://github.com/fastapi/fastapi.git	pdm
python	scrapy/scrapy	https://github.com/scrapy/scrapy.git	setuptools
python	numpy/numpy	https://github.com/numpy/numpy.git	meson
python	pandas-dev/pandas	https://github.com/pandas-dev/pandas.git	meson
python	scikit-learn/scikit-learn	https://github.com/scikit-learn/scikit-learn.git	meson
python	huggingface/transformers	https://github.com/huggingface/transformers.git	setuptools
python	python-poetry/poetry	https://github.com/python-poetry/poetry.git	poetry.lock
python	pypa/pip	https://github.com/pypa/pip.git	setuptools
python	ansible/ansible	https://github.com/ansible/ansible.git	setuptools
python	home-assistant/core	https://github.com/home-assistant/core.git	requirements.txt
python	celery/celery	https://github.com/celery/celery.git	requirements-dir
python	sqlalchemy/sqlalchemy	https://github.com/sqlalchemy/sqlalchemy.git	setuptools
python	locustio/locust	https://github.com/locustio/locust.git	poetry
python	apache/airflow	https://github.com/apache/airflow.git	hatch-monorepo
python	streamlit/streamlit	https://github.com/streamlit/streamlit.git	polyglot
python	Textualize/rich	https://github.com/Textualize/rich.git	poetry.lock
python	tiangolo/sqlmodel	https://github.com/fastapi/sqlmodel.git	pdm
python	mlflow/mlflow	https://github.com/mlflow/mlflow.git	polyglot
javascript	facebook/react	https://github.com/facebook/react.git	yarn.lock
javascript	vuejs/core	https://github.com/vuejs/core.git	pnpm-lock
javascript	angular/angular	https://github.com/angular/angular.git	yarn+bazel
javascript	sveltejs/svelte	https://github.com/sveltejs/svelte.git	pnpm-lock
javascript	vercel/next.js	https://github.com/vercel/next.js.git	pnpm-monorepo
javascript	expressjs/express	https://github.com/expressjs/express.git	package.json-only
javascript	nestjs/nest	https://github.com/nestjs/nest.git	pnpm
javascript	axios/axios	https://github.com/axios/axios.git	package-lock
javascript	lodash/lodash	https://github.com/lodash/lodash.git	npm
javascript	webpack/webpack	https://github.com/webpack/webpack.git	yarn
javascript	vitejs/vite	https://github.com/vitejs/vite.git	pnpm
javascript	babel/babel	https://github.com/babel/babel.git	yarn-monorepo
javascript	eslint/eslint	https://github.com/eslint/eslint.git	npm
javascript	prettier/prettier	https://github.com/prettier/prettier.git	yarn
javascript	jestjs/jest	https://github.com/jestjs/jest.git	yarn-monorepo
javascript	microsoft/TypeScript	https://github.com/microsoft/TypeScript.git	npm
javascript	socketio/socket.io	https://github.com/socketio/socket.io.git	npm-monorepo
javascript	chartjs/Chart.js	https://github.com/chartjs/Chart.js.git	npm
javascript	d3/d3	https://github.com/d3/d3.git	yarn
javascript	mrdoob/three.js	https://github.com/mrdoob/three.js.git	npm
javascript	tailwindlabs/tailwindcss	https://github.com/tailwindlabs/tailwindcss.git	pnpm
javascript	storybookjs/storybook	https://github.com/storybookjs/storybook.git	yarn-monorepo
javascript	remix-run/react-router	https://github.com/remix-run/react-router.git	pnpm
javascript	strapi/strapi	https://github.com/strapi/strapi.git	yarn-monorepo
go	kubernetes/kubernetes	https://github.com/kubernetes/kubernetes.git	huge-gomod
go	moby/moby	https://github.com/moby/moby.git	gomod
go	hashicorp/terraform	https://github.com/hashicorp/terraform.git	gomod
go	grafana/grafana	https://github.com/grafana/grafana.git	go+js
go	prometheus/prometheus	https://github.com/prometheus/prometheus.git	go+js
go	gin-gonic/gin	https://github.com/gin-gonic/gin.git	gomod
go	gohugoio/hugo	https://github.com/gohugoio/hugo.git	gomod
go	etcd-io/etcd	https://github.com/etcd-io/etcd.git	multi-module
go	traefik/traefik	https://github.com/traefik/traefik.git	gomod
go	cli/cli	https://github.com/cli/cli.git	gomod
go	spf13/cobra	https://github.com/spf13/cobra.git	small-gomod
go	rclone/rclone	https://github.com/rclone/rclone.git	gomod
go	minio/minio	https://github.com/minio/minio.git	gomod
go	jesseduffield/lazygit	https://github.com/jesseduffield/lazygit.git	gomod
go	containerd/containerd	https://github.com/containerd/containerd.git	gomod
go	istio/istio	https://github.com/istio/istio.git	gomod
go	influxdata/telegraf	https://github.com/influxdata/telegraf.git	gomod
go	caddyserver/caddy	https://github.com/caddyserver/caddy.git	gomod
go	syncthing/syncthing	https://github.com/syncthing/syncthing.git	gomod
go	junegunn/fzf	https://github.com/junegunn/fzf.git	gomod
rust	rust-lang/rust	https://github.com/rust-lang/rust.git	huge-cargo
rust	denoland/deno	https://github.com/denoland/deno.git	cargo
rust	astral-sh/uv	https://github.com/astral-sh/uv.git	cargo-workspace
rust	astral-sh/ruff	https://github.com/astral-sh/ruff.git	cargo-workspace
rust	BurntSushi/ripgrep	https://github.com/BurntSushi/ripgrep.git	cargo
rust	sharkdp/bat	https://github.com/sharkdp/bat.git	cargo
rust	sharkdp/fd	https://github.com/sharkdp/fd.git	cargo
rust	tokio-rs/tokio	https://github.com/tokio-rs/tokio.git	cargo-workspace
rust	serde-rs/serde	https://github.com/serde-rs/serde.git	cargo-nolock
rust	clap-rs/clap	https://github.com/clap-rs/clap.git	cargo
rust	alacritty/alacritty	https://github.com/alacritty/alacritty.git	cargo
rust	starship/starship	https://github.com/starship/starship.git	cargo
rust	helix-editor/helix	https://github.com/helix-editor/helix.git	cargo
rust	rustdesk/rustdesk	https://github.com/rustdesk/rustdesk.git	cargo+flutter
rust	tauri-apps/tauri	https://github.com/tauri-apps/tauri.git	cargo+js
rust	SeaQL/sea-orm	https://github.com/SeaQL/sea-orm.git	cargo
rust	rayon-rs/rayon	https://github.com/rayon-rs/rayon.git	cargo-nolock
rust	sharkdp/hyperfine	https://github.com/sharkdp/hyperfine.git	cargo
java	spring-projects/spring-boot	https://github.com/spring-projects/spring-boot.git	gradle
java	spring-projects/spring-framework	https://github.com/spring-projects/spring-framework.git	gradle
java	elastic/elasticsearch	https://github.com/elastic/elasticsearch.git	gradle-huge
java	apache/kafka	https://github.com/apache/kafka.git	gradle
java	apache/lucene	https://github.com/apache/lucene.git	gradle
java	google/guava	https://github.com/google/guava.git	maven
java	square/retrofit	https://github.com/square/retrofit.git	maven
java	square/okhttp	https://github.com/square/okhttp.git	gradle-kts
java	netty/netty	https://github.com/netty/netty.git	maven
java	apache/dubbo	https://github.com/apache/dubbo.git	maven
java	alibaba/nacos	https://github.com/alibaba/nacos.git	maven
java	jenkinsci/jenkins	https://github.com/jenkinsci/jenkins.git	maven
java	apache/flink	https://github.com/apache/flink.git	maven-huge
java	apache/camel	https://github.com/apache/camel.git	maven-huge
java	junit-team/junit5	https://github.com/junit-team/junit-framework.git	gradle-kts
java	mockito/mockito	https://github.com/mockito/mockito.git	gradle
java	ReactiveX/RxJava	https://github.com/ReactiveX/RxJava.git	gradle
java	iluwatar/java-design-patterns	https://github.com/iluwatar/java-design-patterns.git	maven
ruby	rails/rails	https://github.com/rails/rails.git	gemfile.lock
ruby	jekyll/jekyll	https://github.com/jekyll/jekyll.git	gemspec
ruby	discourse/discourse	https://github.com/discourse/discourse.git	gemfile+yarn
ruby	fastlane/fastlane	https://github.com/fastlane/fastlane.git	gemfile
ruby	Homebrew/brew	https://github.com/Homebrew/brew.git	gemfile
ruby	rubocop/rubocop	https://github.com/rubocop/rubocop.git	gemfile
ruby	sidekiq/sidekiq	https://github.com/sidekiq/sidekiq.git	gemfile
ruby	rspec/rspec-core	https://github.com/rspec/rspec-core.git	gemspec-nolock
ruby	puma/puma	https://github.com/puma/puma.git	gemfile
ruby	sinatra/sinatra	https://github.com/sinatra/sinatra.git	gemfile
ruby	mastodon/mastodon	https://github.com/mastodon/mastodon.git	gemfile+yarn
ruby	heartcombo/devise	https://github.com/heartcombo/devise.git	gemfile
php	laravel/framework	https://github.com/laravel/framework.git	composer-nolock
php	symfony/symfony	https://github.com/symfony/symfony.git	composer
php	composer/composer	https://github.com/composer/composer.git	composer.lock
php	guzzle/guzzle	https://github.com/guzzle/guzzle.git	composer
php	sebastianbergmann/phpunit	https://github.com/sebastianbergmann/phpunit.git	composer
php	Seldaek/monolog	https://github.com/Seldaek/monolog.git	composer
php	nextcloud/server	https://github.com/nextcloud/server.git	composer+npm
php	filamentphp/filament	https://github.com/filamentphp/filament.git	composer
php	bcit-ci/CodeIgniter	https://github.com/bcit-ci/CodeIgniter.git	legacy-nolock
php	laravel/laravel	https://github.com/laravel/laravel.git	composer.lock
dotnet	dotnet/runtime	https://github.com/dotnet/runtime.git	huge
dotnet	dotnet/aspnetcore	https://github.com/dotnet/aspnetcore.git	huge
dotnet	AutoMapper/AutoMapper	https://github.com/AutoMapper/AutoMapper.git	csproj
dotnet	JamesNK/Newtonsoft.Json	https://github.com/JamesNK/Newtonsoft.Json.git	csproj
dotnet	dotnet/efcore	https://github.com/dotnet/efcore.git	csproj
dotnet	serilog/serilog	https://github.com/serilog/serilog.git	csproj
dotnet	abpframework/abp	https://github.com/abpframework/abp.git	csproj-monorepo
dotnet	jellyfin/jellyfin	https://github.com/jellyfin/jellyfin.git	csproj
dotnet	PowerShell/PowerShell	https://github.com/PowerShell/PowerShell.git	csproj
dotnet	bitwarden/server	https://github.com/bitwarden/server.git	csproj
cpp	curl/curl	https://github.com/curl/curl.git	autotools-nolock
cpp	openssl/openssl	https://github.com/openssl/openssl.git	perl-build
cpp	protocolbuffers/protobuf	https://github.com/protocolbuffers/protobuf.git	bazel+cmake
cpp	opencv/opencv	https://github.com/opencv/opencv.git	cmake
cpp	nlohmann/json	https://github.com/nlohmann/json.git	cmake+meson
cpp	fmtlib/fmt	https://github.com/fmtlib/fmt.git	cmake
cpp	google/googletest	https://github.com/google/googletest.git	bazel+cmake
cpp	redis/redis	https://github.com/redis/redis.git	makefile
cpp	nginx/nginx	https://github.com/nginx/nginx.git	autotools
cpp	electron/electron	https://github.com/electron/electron.git	gn+yarn
elixir	elixir-lang/elixir	https://github.com/elixir-lang/elixir.git	mix-nolock
elixir	phoenixframework/phoenix	https://github.com/phoenixframework/phoenix.git	mix.lock
elixir	absinthe-graphql/absinthe	https://github.com/absinthe-graphql/absinthe.git	mix.lock
elixir	elixir-ecto/ecto	https://github.com/elixir-ecto/ecto.git	mix.lock
elixir	oban-bg/oban	https://github.com/oban-bg/oban.git	mix.lock
elixir	plausible/analytics	https://github.com/plausible/analytics.git	mix+npm
dart	flutter/flutter	https://github.com/flutter/flutter.git	pubspec-huge
dart	dart-lang/sdk	https://github.com/dart-lang/sdk.git	pubspec
dart	felangel/bloc	https://github.com/felangel/bloc.git	pubspec-monorepo
dart	flutter/packages	https://github.com/flutter/packages.git	pubspec-monorepo
dart	rrousselGit/riverpod	https://github.com/rrousselGit/riverpod.git	pubspec-monorepo
dart	localsend/localsend	https://github.com/localsend/localsend.git	pubspec.lock
swift	Alamofire/Alamofire	https://github.com/Alamofire/Alamofire.git	spm
swift	apple/swift-nio	https://github.com/apple/swift-nio.git	spm
swift	vapor/vapor	https://github.com/vapor/vapor.git	spm
swift	SwiftyJSON/SwiftyJSON	https://github.com/SwiftyJSON/SwiftyJSON.git	spm
swift	pointfreeco/swift-composable-architecture	https://github.com/pointfreeco/swift-composable-architecture.git	spm-resolved
swift	realm/realm-swift	https://github.com/realm/realm-swift.git	spm+cocoapods
scala	apache/spark	https://github.com/apache/spark.git	maven+sbt
scala	scala/scala	https://github.com/scala/scala.git	sbt
scala	akka/akka	https://github.com/akka/akka.git	sbt
scala	playframework/playframework	https://github.com/playframework/playframework.git	sbt
scala	zio/zio	https://github.com/zio/zio.git	sbt
terraform	terraform-aws-modules/terraform-aws-vpc	https://github.com/terraform-aws-modules/terraform-aws-vpc.git	hcl
terraform	terraform-aws-modules/terraform-aws-eks	https://github.com/terraform-aws-modules/terraform-aws-eks.git	hcl
terraform	cloudposse/terraform-aws-components	https://github.com/cloudposse/terraform-aws-components.git	hcl
terraform	terraform-aws-modules/terraform-aws-rds	https://github.com/terraform-aws-modules/terraform-aws-rds.git	hcl
terraform	GoogleCloudPlatform/terraform-google-network	https://github.com/terraform-google-modules/terraform-google-network.git	hcl
other	haskell/cabal	https://github.com/haskell/cabal.git	haskell-unsupported
other	commercialhaskell/stack	https://github.com/commercialhaskell/stack.git	haskell-unsupported
other	neovim/neovim	https://github.com/neovim/neovim.git	lua-c
other	LuaJIT/LuaJIT	https://github.com/LuaJIT/LuaJIT.git	lua-unsupported
other	Perl/perl5	https://github.com/Perl/perl5.git	perl-unsupported
other	JuliaLang/julia	https://github.com/JuliaLang/julia.git	julia-unsupported
other	crystal-lang/crystal	https://github.com/crystal-lang/crystal.git	shard.lock
other	ziglang/zig	https://github.com/ziglang/zig.git	zig-unsupported
other	ocaml/ocaml	https://github.com/ocaml/ocaml.git	opam-unsupported
other	erlang/otp	https://github.com/erlang/otp.git	rebar-unsupported
polyglot	supabase/supabase	https://github.com/supabase/supabase.git	pnpm-monorepo
polyglot	n8n-io/n8n	https://github.com/n8n-io/n8n.git	pnpm-monorepo
polyglot	appwrite/appwrite	https://github.com/appwrite/appwrite.git	php+ts
polyglot	hashicorp/vault	https://github.com/hashicorp/vault.git	go+ember
polyglot	apache/superset	https://github.com/apache/superset.git	python+js
polyglot	go-gitea/gitea	https://github.com/go-gitea/gitea.git	go+npm
polyglot	immich-app/immich	https://github.com/immich-app/immich.git	ts+dart
docker	nginx:latest	nginx:latest	container
docker	python:3.12-slim	python:3.12-slim	container
docker	node:22-alpine	node:22-alpine	container
docker	redis:7-alpine	redis:7-alpine	container
docker	postgres:17-alpine	postgres:17-alpine	container
docker	golang:1.23	golang:1.23	container
docker	eclipse-temurin:21-jre	eclipse-temurin:21-jre	container
docker	mcr.microsoft.com/dotnet/aspnet:8.0	mcr.microsoft.com/dotnet/aspnet:8.0	container
python	apache/superset-py	https://github.com/getsentry/sentry.git	python-monorepo
